Feature_1,Feature_2,Feature_3,Feature_4,Feature_5
-0.9982788,-0.56075674,0.22438374,0.3618841,0.87230873
-0.5541516,0.40677544,0.9553766,-0.98155755,-0.39673486
0.9925003,0.13808326,-0.9894412,-0.77915996,0.3422735
0.20317498,0.9541938,0.9158145,-0.32181606,-0.1535453
